Kristopher,Abbott,0,NULL
Randall,Abbott,0,NULL
Ashley,Adkins,0,NULL
Kristopher,Adkins,1,104
Julia,Aguirre,0,NULL
Kamran,Ahmed,0,NULL
Saira,Ahmed,0,NULL
Sara,Ahmed,0,NULL
Sarfaraz,Ahmed,0,NULL
Zubair,Ahmed,0,NULL
Ali,Ahsan,0,NULL
Saeed,Ajmal,0,NULL
Adil,Akhtar,0,NULL
Javed,Akhtar,0,NULL
Usman,Akhtar,0,NULL
Wasim,Akram,0,NULL
Brian,Alexander,0,NULL
Arslan,Ali,0,NULL
Asma,Ali,0,NULL
Farhan,Ali,0,NULL
Hamza,Ali,0,NULL
Hassan,Ali,0,NULL
Muhammad,Ali,0,NULL
Rahat,Ali,0,NULL
Matthew,Allen,1,86
Timothy,Alvarado,0,NULL
Aaron,Alvarez,0,NULL
Andrea,Anderson,0,NULL
Joseph,Anderson,0,NULL
Cynthia,Anthony,0,NULL
Bryan,Arnold,1,96
Cole,Arnold,0,NULL
John,Arnold,0,NULL
Rizwan,Aslam,0,NULL
Tyler,Austin,0,NULL
David,Ayers,0,NULL
Babar,Azam,0,NULL
Amir,Aziz,0,NULL
Tiffany,Baird,0,NULL
Marcus,Baker,0,NULL
Jacob,Baldwin,0,NULL
Paige,Ball,1,81
Jeffrey,Barber,0,NULL
Carl,Barnes,0,NULL
Edward,Barnes,0,NULL
Alexander,Barr,0,NULL
Christine,Barr,0,NULL
John,Barr,0,NULL
Kevin,Barrett,0,NULL
Michael,Barrett,0,NULL
Richard,Barton,0,NULL
Jeffrey,Baxter,1,54
Sean,Baxter,0,NULL
Sarah,Bean,0,NULL
Clifford,Beck,0,NULL
Steven,Becker,0,NULL
Tanya,Becker,0,NULL
Anthony,Bell,0,NULL
Ashley,Bell,0,NULL
Kelly,Bell,0,NULL
Shannon,Bell,0,NULL
Brittany,Bender,0,NULL
Joshua,Bentley,0,NULL
Morgan,Bentley,0,NULL
Keith,Berg,0,NULL
Taylor,Bernard,0,NULL
Mackenzie,Bird,0,NULL
James,Bishop,0,NULL
Bryan,Blair,1,116
Nicholas,Blair,0,NULL
Eric,Blake,0,NULL
Scott,Blake,0,NULL
Latoya,Bond,1,93
Brent,Boone,0,NULL
Donald,Boyle,0,NULL
Amanda,Brady,1,105
Brenda,Brewer,0,NULL
Jennifer,Brooks,0,NULL
Melissa,Brooks,0,NULL
Chelsea,Brown,1,55
Daniel,Brown,0,NULL
James,Brown,0,NULL
Katherine,Brown,0,NULL
Frances,Bruce,0,NULL
Angela,Bryan,0,NULL
Natalie,Bryan,0,NULL
Rachel,Bryant,0,NULL
Thomas,Bryant,0,NULL
Amber,Buchanan,0,NULL
Tammy,Burnett,0,NULL
Jasmine,Burns,0,NULL
Charles,Butler,1,56
Nadia,Butt,0,NULL
Michael,Byrd,0,NULL
Catherine,Cabrera,0,NULL
Joe,Caldwell,0,NULL
Michael,Caldwell,0,NULL
Stacey,Camacho,0,NULL
Christopher,Campbell,0,NULL
Jennifer,Campbell,0,NULL
Derrick,Cannon,1,92
Danny,Carey,0,NULL
Bridget,Carter,0,NULL
Kimberly,Carter,0,NULL
Steven,Castillo,1,88
Rachel,Castro,0,NULL
Ronald,Chan,0,NULL
Jeffrey,Chang,0,NULL
Nicole,Chang,0,NULL
Alexander,Chavez,0,NULL
David,Chavez,0,NULL
Todd,Chung,0,NULL
Jasmine,Clark,0,NULL
Steven,Clark,0,NULL
Tina,Clark,1,101
Ian,Cline,0,NULL
Darren,Cochran,0,NULL
Darrell,Coffey,0,NULL
Mark,Cole,0,NULL
Tammy,Cole,1,58
Ian,Coleman,0,NULL
Jeffrey,Coleman,0,NULL
Whitney,Collier,1,98
Douglas,Collins,0,NULL
Emily,Collins,0,NULL
Eric,Collins,0,NULL
Stacy,Combs,0,NULL
Christopher,Contreras,1,86
Kendra,Cook,0,NULL
Sherry,Cooper,0,NULL
Lee,Costa,1,60
Steven,Cunningham,0,NULL
Kristina,Curtis,0,NULL
Nicole,Curtis,0,NULL
Kimberly,Daniel,1,95
Courtney,Daniels,0,NULL
Chase,Davidson,0,NULL
Ryan,Davila,0,NULL
Jerry,Davis,0,NULL
Joseph,Davis,0,NULL
Ashley,Decker,0,NULL
Kenneth,Decker,0,NULL
Megan,Delgado,1,105
Paula,Diaz,0,NULL
John,Doe,0,NULL
Shannon,Donaldson,0,NULL
Darren,Doyle,0,NULL
Christopher,Duncan,0,NULL
Francis,Duncan,0,NULL
Erica,Dunn,0,NULL
Lori,Dunn,0,NULL
Thomas,Dunn,1,96
Lisa,Duran,0,NULL
Lorraine,Durham,0,NULL
Eddie,Edwards,0,NULL
Mary,Edwards,1,92
Anna,Ellis,1,88
Brandy,Esparza,0,NULL
Deborah,Esparza,0,NULL
Amy,Evans,0,NULL
Eric,Evans,0,NULL
Gregory,Evans,1,34
Robert,Evans,1,64
Angela,Farley,0,NULL
Andrew,Ferguson,0,NULL
Christina,Ferguson,0,NULL
Erica,Ferguson,0,NULL
Kristine,Ferguson,0,NULL
Randy,Ferguson,0,NULL
Matthew,Fernandez,0,NULL
William,Fernandez,0,NULL
Michael,Fisher,0,NULL
Jose,Fleming,0,NULL
Benjamin,Fletcher,0,NULL
Brian,Fletcher,1,78
Angel,Floyd,0,NULL
Brad,Floyd,0,NULL
Brianna,Flynn,1,118
Sara,Flynn,0,NULL
Jesus,Foley,0,NULL
Bradley,Fox,0,NULL
Gregory,Frazier,0,NULL
Michael,Frazier,0,NULL
Patricia,Frazier,0,NULL
Candace,Fuller,0,NULL
Madison,Fuller,0,NULL
Richard,Gallegos,0,NULL
Paige,Gamble,0,NULL
Austin,Garcia,0,NULL
Maria,Garcia,0,NULL
Sharon,Gardner,0,NULL
Mark,Garner,0,NULL
Jonathan,Garza,0,NULL
Monica,George,0,NULL
Gregory,Gibson,0,NULL
Rachel,Gilbert,0,NULL
David,Gomez,0,NULL
Keith,Gomez,0,NULL
Leah,Gonzales,0,NULL
Catherine,Gonzalez,0,NULL
Dennis,Gonzalez,0,NULL
Nicholas,Gray,0,NULL
Sheri,Gray,0,NULL
Brandon,Green,0,NULL
Dwayne,Green,0,NULL
Heather,Green,0,NULL
Mary,Green,0,NULL
Amanda,Greene,0,NULL
Billy,Greene,0,NULL
Amanda,Griffin,0,NULL
Mary,Griffin,0,NULL
Jeremy,Griffith,1,69
Linda,Guerrero,1,119
Lori,Gutierrez,0,NULL
Bethany,Guzman,0,NULL
Cindy,Guzman,1,39
Mohammad,Hafeez,0,NULL
Nabeel,Haider,0,NULL
Ashley,Hall,1,114
Noah,Hall,0,NULL
Wanda,Hall,0,NULL
Brian,Hammond,0,NULL
Michael,Hampton,0,NULL
Karen,Hanna,0,NULL
George,Hansen,0,NULL
Kendra,Hanson,0,NULL
Joseph,Harmon,1,91
Andrea,Harris,0,NULL
Elizabeth,Harris,0,NULL
Nathan,Harris,0,NULL
Joshua,Harrison,0,NULL
Nathan,Harrison,0,NULL
Lindsey,Hart,0,NULL
Vanessa,Hart,1,68
Rhonda,Harvey,0,NULL
"MUTAHAR ",HASHMI,0,NULL
"Shees ",Hashmi,0,NULL
Ali,Hassan,0,NULL
Steven,Hawkins,0,NULL
William,Hayes,0,NULL
Jose,Henry,0,NULL
Christine,Herman,0,NULL
Emily,Hernandez,0,NULL
Janice,Hernandez,1,40
Keith,Hernandez,1,41
Kendra,Hernandez,0,NULL
Richard,Hernandez,0,NULL
Shelby,Hernandez,0,NULL
Melissa,Hickman,0,NULL
Kelli,Hill,1,78
Michele,Hill,1,56
Raven,Hill,0,NULL
Larry,Hines,0,NULL
Angela,Hoffman,0,NULL
Cameron,Hogan,0,NULL
Sara,Holt,0,NULL
Joseph,Horton,0,NULL
Jesse,Howell,0,NULL
Michelle,Howell,1,73
Timothy,Hudson,0,NULL
Justin,Huff,0,NULL
Raymond,Hughes,1,51
Theresa,Hughes,0,NULL
Duane,Hunt,1,52
Evan,Hunter,0,NULL
Iqbal,Hussain,0,NULL
Tariq,Hussain,0,NULL
Nazia,Iqbal,0,NULL
Rabia,Iqbal,0,NULL
Amanda,Jackson,0,NULL
Dennis,Jackson,0,NULL
James,Jackson,0,NULL
Kathy,Jackson,0,NULL
Randall,Jackson,0,NULL
Linda,James,0,NULL
Christopher,Jensen,0,NULL
Adam,Johnson,0,NULL
Angela,Johnson,0,NULL
Cynthia,Johnson,0,NULL
Daniel,Johnson,0,NULL
James,Johnson,0,NULL
John,Johnson,1,90
Nicholas,Johnson,0,NULL
Robert,Johnson,0,NULL
Stephanie,Johnson,0,NULL
Tiffany,Johnson,0,NULL
Alan,Jones,0,NULL
Julie,Jones,0,NULL
Laurie,Jones,0,NULL
Natasha,Jones,0,NULL
Patricia,Jones,0,NULL
Paul,Jones,1,50
Sarah,Jones,0,NULL
Kimberly,Joseph,0,NULL
Linda,Keith,0,NULL
Jack,Keller,0,NULL
Cody,Kelley,0,NULL
Samantha,Kelly,0,NULL
Timothy,Kelly,0,NULL
Carlos,Kennedy,0,NULL
Keith,Kent,0,NULL
Patricia,Kerr,0,NULL
Salman,Khalid,0,NULL
Amir,Khan,0,NULL
Ayesha,Khan,0,NULL
Hassan,Khan,0,NULL
Imran,Khan,0,NULL
Moin,Khan,0,NULL
Nadia,Khan,0,NULL
Naeem,Khan,0,NULL
Nicholas,Khan,0,NULL
Saadullah,Khan,0,NULL
Sajid,Khan,0,NULL
Sami,Khan,0,NULL
Shadab,Khan,0,NULL
Younis,Khan,0,NULL
Zainab,Khan,0,NULL
Steven,Kim,0,NULL
Zachary,Kim,0,NULL
Alexander,King,0,NULL
Brenda,King,0,NULL
Kimberly,Kirby,0,NULL
Evan,Klein,0,NULL
Sarah,Klein,0,NULL
Michelle,Knight,1,113
Scott,Kramer,0,NULL
Robert,Lambert,0,NULL
Sharon,Lambert,1,70
Tony,Lane,1,120
Amber,Lara,0,NULL
Amy,Larsen,0,NULL
Brett,Larsen,0,NULL
Hannah,Larsen,1,95
Kelly,Larson,0,NULL
Eric,Lawson,1,60
Jessica,Lawson,0,NULL
Samuel,Lawson,1,56
John,Lee,0,NULL
Kirsten,Lee,0,NULL
Monica,Lee,0,NULL
Charles,Leonard,0,NULL
Tracey,Leonard,0,NULL
Stephanie,Levine,0,NULL
Daniel,Lewis,0,NULL
Jeremy,Lewis,0,NULL
Kaitlyn,Lewis,0,NULL
Janet,Lin,0,NULL
Nicole,Lin,0,NULL
Melinda,Lindsey,0,NULL
Derek,Lloyd,1,64
Emily,Logan,1,75
Hannah,Lopez,1,69
Jamie,Lopez,0,NULL
Nathaniel,Lopez,0,NULL
Norman,Lopez,1,32
Ryan,Lopez,0,NULL
Mark,Mack,0,NULL
Mitchell,Maddox,0,NULL
Crystal,Maldonado,0,NULL
Ahmed,Malik,0,NULL
Farah,Malik,0,NULL
Nida,Malik,0,NULL
Shoaib,Malik,0,NULL
Cynthia,Mann,0,NULL
Katherine,Marquez,0,NULL
Kimberly,Marquez,0,NULL
Roy,Marshall,0,NULL
Jeanne,Martin,0,NULL
Stephanie,Martin,0,NULL
Amanda,Martinez,0,NULL
Danielle,Martinez,0,NULL
Sandra,Martinez,1,47
Steven,Mason,0,NULL
Andrea,May,0,NULL
Laura,May,0,NULL
Jennifer,Mccarty,0,NULL
Beth,Mcconnell,0,NULL
Sandra,Mcconnell,0,NULL
David,Mcdonald,1,114
Bryan,Mcgrath,0,NULL
Krista,Mcintyre,1,113
Roger,Mckay,1,73
Linda,Mckinney,0,NULL
Jodi,Mejia,1,54
Kristin,Melendez,0,NULL
Kiara,Mendez,1,87
Christopher,Meyer,0,NULL
Scott,Meyer,0,NULL
Javed,Miandad,0,NULL
Sheila,Michael,0,NULL
Eileen,Miles,0,NULL
Adam,Miller,0,NULL
Andrew,Miller,0,NULL
Brian,Miller,0,NULL
Charlene,Miller,0,NULL
Donald,Miller,0,NULL
Julian,Miller,0,NULL
Kelly,Miller,0,NULL
Mary,Miller,0,NULL
Melissa,Miller,0,NULL
Sana,Mir,0,NULL
Paul,Mitchell,0,NULL
Valerie,Molina,0,NULL
Nancy,Moon,0,NULL
Helen,Moore,0,NULL
Jesse,Moore,0,NULL
Joseph,Moore,0,NULL
Marissa,Moore,0,NULL
Paige,Moore,0,NULL
Mitchell,Moreno,0,NULL
Robin,Moreno,0,NULL
Natalie,Morris,1,44
Paul,Morris,1,104
Ralph,Morse,0,NULL
Brenda,Moses,0,NULL
Jason,Moss,0,NULL
Lydia,Murphy,0,NULL
Fahad,Mustafa,0,NULL
Henry,Myers,0,NULL
Vernon,Myers,0,NULL
Cynthia,Navarro,1,31
Caroline,Nelson,0,NULL
Megan,Newton,0,NULL
Matthew,Nguyen,0,NULL
Thomas,Nguyen,0,NULL
Monique,Nixon,0,NULL
Isabella,Obrien,0,NULL
Eric,Oliver,0,NULL
Lauren,Orozco,0,NULL
Anthony,Ortiz,0,NULL
Seth,Ortiz,0,NULL
Daniel,Osborne,0,NULL
Jared,Owen,0,NULL
Matthew,Owens,0,NULL
Shannon,Pace,0,NULL
Jennifer,Palmer,0,NULL
Kristina,Palmer,0,NULL
Gary,Patrick,1,42
Jacob,Payne,1,105
Andrew,Pearson,1,76
Mark,Perez,0,NULL
Gina,Perry,1,84
Jacqueline,Perry,0,NULL
Frederick,Petersen,1,73
John,Petty,1,102
Shawn,Phillips,0,NULL
Taylor,Phillips,0,NULL
Katelyn,Pierce,0,NULL
Alexander,Pineda,0,NULL
David,Ponce,0,NULL
Leslie,Pope,0,NULL
Devin,Potts,1,94
Charles,Pratt,0,NULL
Anthony,Price,0,NULL
Jared,Price,0,NULL
Usman,Qadir,0,NULL
Rameez,Raja,0,NULL
Mary,Ramirez,0,NULL
Megan,Ramirez,0,NULL
Emily,Ramsey,0,NULL
Tracy,Ramsey,0,NULL
Steven,Randall,0,NULL
Ayesha,Rao,0,NULL
Abdul,Razzaq,0,NULL
Alan,Reed,1,104
Brandy,Reed,0,NULL
Maria,Reese,0,NULL
Latoya,Reeves,0,NULL
Brian,Reyes,0,NULL
Stephanie,Reyes,0,NULL
Bryan,Rhodes,1,113
Aisha,Riaz,0,NULL
Bruce,Richmond,0,NULL
Cindy,Richmond,0,NULL
Christopher,Riley,0,NULL
Ashley,Ritter,0,NULL
Rebecca,Ritter,0,NULL
Mohammad,Rizwan,0,NULL
Emily,Roberts,1,110
William,Roberts,0,NULL
Donna,Robinson,0,NULL
Jordan,Robinson,0,NULL
Scott,Robinson,0,NULL
Juan,Robles,1,68
Craig,Rodgers,0,NULL
Emily,Rodriguez,0,NULL
Michael,Rodriguez,0,NULL
Michelle,Rodriguez,0,NULL
Nancy,Rodriguez,0,NULL
Shane,Rodriguez,0,NULL
Andrew,Rogers,0,NULL
Michaela,Rogers,0,NULL
Steven,Rollins,0,NULL
Tyrone,Rosario,0,NULL
Angel,Rose,0,NULL
Jennifer,Ross,0,NULL
Jonathan,Ross,0,NULL
Teresa,Ross,0,NULL
Alan,Roth,0,NULL
Aaron,Ruiz,0,NULL
Alyssa,Ryan,0,NULL
Russell,Ryan,0,NULL
Timothy,Ryan,0,NULL
Michael,Salazar,0,NULL
Terri,Salazar,0,NULL
Michael,Salinas,0,NULL
Anita,Sanchez,1,102
Sheila,Sanders,0,NULL
Audrey,Santiago,0,NULL
Mark,Savage,0,NULL
Matthew,Schmidt,0,NULL
Pamela,Schneider,1,108
Ashlee,Schroeder,0,NULL
Heather,Schultz,0,NULL
Alexis,Schwartz,0,NULL
Kelly,Schwartz,1,81
Aaron,Scott,0,NULL
Gary,Scott,0,NULL
Shaheen,Shah Afridi,0,NULL
Colleen,Shaw,0,NULL
Jordan,Shaw,0,NULL
Heidi,Shepherd,0,NULL
Megan,Sheppard,0,NULL
Caitlin,Shields,0,NULL
Jamie,Sims,0,NULL
Michelle,Sims,1,111
Henry,Sloan,0,NULL
Arthur,Small,0,NULL
April,Smith,0,NULL
Carolyn,Smith,0,NULL
Elizabeth,Smith,0,NULL
James,Smith,0,NULL
Jesus,Smith,1,54
Justin,Smith,0,NULL
Lauren,Smith,0,NULL
Linda,Smith,2,105
Melissa,Smith,0,NULL
Michael,Smith,0,NULL
Sarah,Smith,0,NULL
Tyler,Smith,0,NULL
Haris,Sohail,0,NULL
Tanya,Sparks,0,NULL
Melissa,Spencer,0,NULL
Christopher,Stafford,0,NULL
Amanda,Steele,0,NULL
Henry,Stevens,0,NULL
George,Stewart,0,NULL
Shirley,Stewart,0,NULL
Natasha,Stokes,0,NULL
Jason,Stone,0,NULL
Zachary,Stone,1,80
Caleb,Tate,0,NULL
Karen,Tate,0,NULL
Diana,Taylor,1,41
Patrick,Terry,0,NULL
Angela,Thomas,0,NULL
Sandy,Thomas,0,NULL
Jordan,Thompson,0,NULL
Melissa,Thompson,0,NULL
Sandra,Thompson,1,81
Cristian,Thornton,0,NULL
Mark,Todd,0,NULL
Lauren,Tran,0,NULL
Wayne,Travis,0,NULL
Selena,Trujillo,0,NULL
Anthony,Turner,0,NULL
Chelsea,Turner,0,NULL
Katherine,Turner,0,NULL
Kristi,Turner,0,NULL
Lauren,Turner,0,NULL
Scott,Turner,1,42
James,Tyler,0,NULL
Inzamam,Ul Haq,0,NULL
Misbah,Ul Haq,0,NULL
Zachary,Underwood,0,NULL
Craig,Valdez,1,97
Lisa,Valdez,0,NULL
Brian,Vargas,0,NULL
Gabriel,Vaughan,0,NULL
Alexander,Vazquez,1,58
Suzanne,Vazquez,0,NULL
Amy,Velasquez,0,NULL
Juan,Velasquez,0,NULL
Kiara,Velazquez,0,NULL
Julie,Vincent,0,NULL
Jennifer,Walker,0,NULL
Joel,Walker,0,NULL
Nicholas,Walker,0,NULL
Nicole,Walker,0,NULL
Robin,Walls,0,NULL
Jeffrey,Walter,0,NULL
Karen,Walters,1,41
Crystal,Walton,0,NULL
Brian,Warner,0,NULL
Imad,Wasim,0,NULL
Ashley,Watkins,0,NULL
Stephen,Watson,0,NULL
Tara,Watts,0,NULL
Charles,Weaver,0,NULL
Nicole,Webb,0,NULL
Keith,Welch,0,NULL
Taylor,West,0,NULL
Allison,White,1,92
Heather,White,0,NULL
Holly,White,0,NULL
Jeffrey,White,0,NULL
Steven,White,0,NULL
Frank,Whitney,1,76
Anthony,Williams,0,NULL
Eddie,Williams,0,NULL
Jason,Williams,1,55
John,Williams,0,NULL
Kristi,Williams,0,NULL
Lauren,Williams,0,NULL
Lisa,Williams,1,102
Randy,Williams,0,NULL
Sharon,Williams,0,NULL
Victoria,Williams,0,NULL
Zachary,Williamson,1,106
Dana,Wilson,0,NULL
Diana,Wilson,0,NULL
Diane,Wilson,1,42
Erik,Wilson,1,79
Michael,Wilson,0,NULL
Miranda,Wilson,0,NULL
Jeff,Wolfe,0,NULL
Alicia,Wood,0,NULL
Tanner,Wood,0,NULL
Jennifer,Woods,0,NULL
Renee,Wright,0,NULL
Sandra,Wright,0,NULL
Jaclyn,Young,0,NULL
Samantha,Young,0,NULL
Amin,Zafar,0,NULL
Fakhar,Zaman,0,NULL
Donna,Zamora,0,NULL
